id,acousticness,danceability,duration_ms,energy,instrumentalness,key,liveness,loudness,mode,speechiness,tempo,time_signature,valence,track_popularity,artist_popularity,year,hit
0HEmnAUT8PHznIAAmVXqFJ,0.0094,0.887,193200,0.48,3.5799999999999996e-05,11,0.0662,-11.994000000000002,1,0.11699999999999999,95.846,4,0.607,76,78.0,2016,1
6YnzBV7YkaXZNCK3tlnCfg,0.204,0.7759999999999999,243400,0.703,0.0,0,0.336,-10.696,1,0.0427,112.53399999999999,4,0.9390000000000001,66,73.0,2016,1
0xPaZrF25ltzvz1a2Pm5DQ,0.42,0.503,171827,0.465,0.0,8,0.10099999999999999,-8.077,0,0.0274,141.796,4,0.14300000000000002,64,91.0,2016,1
2R7858bg0GHuBBxjTyOL7N,0.23199999999999998,0.583,302600,0.545,0.0,2,0.133,-11.698,0,0.0351,153.25,4,0.8,64,78.0,2016,1
08WPvDEsHvTFuB9w8tC2OS,0.273,0.7809999999999999,193181,0.57,0.0,11,0.196,-5.874,0,0.188,107.059,4,0.858,59,72.0,2016,1
4b4KcovePX8Ke2cLIQTLM0,0.0038,0.544,197640,0.809,0.0,8,0.32299999999999995,-5.098,1,0.0363,145.017,4,0.44799999999999995,15,77.0,2016,1
7wiESxCGoUkRdgZF2JOLZu,0.601,0.526,184018,0.7090000000000001,1.3699999999999998e-05,11,0.327,-9.882,0,0.0333,91.63799999999999,4,0.8320000000000001,9,35.0,2016,1
5hTpBe8h35rJ67eAWHQsJx,0.17,0.941,209640,0.335,0.0,5,0.262,-10.179,0,0.505,120.041,4,0.7070000000000001,78,78.0,2016,1
2HzfRSfCogBSsgW2CckVA2,0.0845,0.42200000000000004,248387,0.852,0.0,6,0.0687,-3.5460000000000003,1,0.20800000000000002,82.914,4,0.6659999999999999,54,61.0,2016,1
